company,url,content,scrape_date
Freshfields Bruckhaus Deringer,https://www.freshfields.com,Select language:,2026-03-23
Freshfields Bruckhaus Deringer,https://www.freshfields.com,Select language:,2026-03-23
Freshfields Bruckhaus Deringer,https://www.freshfields.com,Feb 26 2026,2026-03-23
Freshfields Bruckhaus Deringer,https://www.freshfields.com,"Our two-part podcast series explores the ESG trends we expect will shape the global regulatory, litigation and corporate strategy landscape in 2026.",2026-03-23
Freshfields Bruckhaus Deringer,https://www.freshfields.com,Feb 10 2026,2026-03-23
Freshfields Bruckhaus Deringer,https://www.freshfields.com,Big Picture thinking: Insights into the key trends shaping arbitration,2026-03-23
Freshfields Bruckhaus Deringer,https://www.freshfields.com,Jan 13 2025,2026-03-23
Freshfields Bruckhaus Deringer,https://www.freshfields.com,Policy-driven enforcement is redefining global antitrust - your guide to understanding and managing this dynamic environment in 2026.,2026-03-23
Freshfields Bruckhaus Deringer,https://www.freshfields.com,Nov 20 2025,2026-03-23
Freshfields Bruckhaus Deringer,https://www.freshfields.com,"Governments are recasting FDI through a security lens – tightening screening, reviving golden shares and testing new tools. Explore what that means for deals around the world.",2026-03-23
Freshfields Bruckhaus Deringer,https://www.freshfields.com,Oct 22 2025,2026-03-23
Freshfields Bruckhaus Deringer,https://www.freshfields.com,"The 2026 Data Law Trends report reveals a world in which businesses confront an increasingly complex, multi-polar regulatory environment.",2026-03-23
Freshfields Bruckhaus Deringer,https://www.freshfields.com,Feb 27 2025,2026-03-23
Freshfields Bruckhaus Deringer,https://www.freshfields.com,Adapting to the Trump administration in the US and across the world.,2026-03-23
Freshfields Bruckhaus Deringer,https://www.freshfields.com,"Trusted, experienced, and forward-thinking – get to know our lawyers and leaders",2026-03-23
Freshfields Bruckhaus Deringer,https://www.freshfields.com,Find a lawyer,2026-03-23
Freshfields Bruckhaus Deringer,https://www.freshfields.com,Combining fresh perspectives with deep industry knowledge to solve your toughest challenges.,2026-03-23
Freshfields Bruckhaus Deringer,https://www.freshfields.com,Explore our capabilities,2026-03-23
Freshfields Bruckhaus Deringer,https://www.freshfields.com,"When opportunities cross borders, we connect you with the right people across our global team.",2026-03-23
Freshfields Bruckhaus Deringer,https://www.freshfields.com,See all locations,2026-03-23
Freshfields Bruckhaus Deringer,https://www.freshfields.com,"Make an impact with us. We welcome big ideas, diverse viewpoints and curious minds.",2026-03-23
Freshfields Bruckhaus Deringer,https://www.freshfields.com,Find your next role,2026-03-23
