word,n
clients,66
services,64
business,63
global,55
ai,48
legal,43
opportunities,41
growth,33
industry,33
challenges,31
insights,31
firm,30
people,30
future,29
strategy,29
digital,28
discover,28
data,27
technology,27
solutions,26
world,26
bearingpoint,25
consulting,24
experience,24
innovation,24
international,24
law,24
expertise,23
experts,22
explore,22
firms,22
limited,22
tax,22
und,21
helps,20
market,20
sector,20
team,20
build,19
llp,19
meet,19
capture,18
companies,18
create,18
impact,17
partnership,17
risk,17
trends,17
career,16
deep,16
learn,16
partner,16
power,16
teams,16
transformation,16
based,15
connect,15
financial,15
key,15
kpmg,15
practice,15
provide,15
slalom,15
sustainability,15
swiss,15
advisors,14
change,14
complex,14
deliver,14
driven,14
organizations,14
support,14
businesses,13
client,13
company,13
die,13
strategic,13
sustainable,13
capital,12
grant,12
knowledge,12
leaders,12
leading,12
operations,12
real,12
thornton,12
approach,11
bearingpoint’s,11
brown,11
helping,11
industries,11
information,11
mayer,11
navigate,11
practices,11
public,11
resources,11
rsm,11
service,11
tech,11
bring,10
focus,10
landscape,10
liability,10
network,10
professional,10
read,10
results,10
share,10
strategies,10
switzerland,10
transform,10
assets,9
bdo,9
changing,9
compliance,9
energy,9
evolving,9
governance,9
guide,9
lawyers,9
leadership,9
management,9
news,9
purpose,9
stay,9
access,8
advice,8
capabilities,8
climate,8
consumer,8
cost,8
culture,8
customer,8
economy,8
entities,8
europe,8
experienced,8
health,8
issues,8
means,8
models,8
offer,8
practical,8
pwc,8
ready,8
regulatory,8
resilient,8
strengthen,8
supply,8
term,8
unlock,8
we’re,8
accelerate,7
achieve,7
ahead,7
commercial,7
corporate,7
deals,7
decisions,7
deloitte,7
efficiency,7
environment,7
ey,7
facing,7
featured,7
forward,7
healthcare,7
helped,7
human,7
ideas,7
journey,7
level,7
list,7
llc,7
marketing,7
markets,7
organization,7
perspectives,7
potential,7
prepare,7
product,7
products,7
quality,7
sales,7
separate,7
top,7
understand,7
we’ve,7
workforce,7
accounting,6
act,6
address,6
advisory,6
agile,6
bearingpoint's,6
brings,6
built,6
burling,6
chain,6
cloud,6
confidence,6
covington,6
customers,6
der,6
design,6
disruptive,6
dunn,6
estate,6
eu,6
excellence,6
gibson,6
goals,6
growing,6
gtil,6
guarantee,6
innovative,6
insurance,6
it’s,6
laws,6
led,6
major,6
march,6
matters,6
media,6
move,6
offers,6
perspective,6
private,6
providing,6
rapidly,6
report,6
resilience,6
responsibly,6
shaping,6
social,6
software,6
steps,6
time,6
today’s,6
transparency,6
uk,6
values,6
worldwide,6
affiliated,5
assurance,5
building,5
challenging,5
chambers,5
communities,5
community,5
comprehensive,5
confident,5
consultants,5
core,5
costs,5
cross,5
dedicated,5
developing,5
directive,5
diverse,5
drive,5
economic,5
emerging,5
employees,5
engagement,5
england,5
enhance,5
esg,5
european,5
fast,5
funding,5
für,5
geopolitical,5
guidance,5
hands,5
implementation,5
improving,5
including,5
independent,5
investment,5
join,5
latham,5
leader,5
lenz,5
manufacturing,5
mit,5
named,5
pricing,5
registration,5
research,5
risks,5
serve,5
shape,5
sich,5
society,5
space,5
staehelin,5
success,5
survey,5
tariffs,5
technologies,5
thinking,5
trade,5
trust,5
u.s,5
uncertainty,5
unique,5
united,5
unlocking,5
updates,5
wales,5
accenture,4
activity,4
advantage,4
advertising,4
age,4
alixpartners,4
alongside,4
asia,4
assess,4
asset,4
authority,4
authorized,4
award,4
bank,4
banks,4
berger,4
bold,4
carbon,4
center,4
ceo,4
collaboration,4
combine,4
commitment,4
confidential,4
conversation,4
cpe,4
creating,4
creation,4
credit,4
day,4
deal,4
decision,4
delivered,4
develop,4
development,4
developments,4
difference,4
diversity,4
dttl,4
dynamic,4
edition,4
effective,4
employee,4
engine,4
entity,4
exciting,4
executive,4
executives,4
expectations,4
expert,4
federal,4
finance,4
globe,4
government,4
grow,4
guides,4
harness,4
identify,4
implement,4
improve,4
include,4
increase,4
increased,4
increasing,4
individual,4
industrial,4
informed,4
integrated,4
intelligent,4
investing,4
investors,4
kucher,4
lever,4
litigation,4
manage,4
measurable,4
medical,4
menu,4
minds,4
modernize,4
navigating,4
obligate,4
office,4
operates,4
operating,4
opportunity,4
optimizing,4
outcome,4
outcomes,4
pace,4
personal,4
pharmaceutical,4
pm,4
powered,4
powerful,4
pressure,4
price,4
prior,4
pro,4
projects,4
providers,4
questions,4
range,4
rankings,4
receive,4
recognized,4
regulation,4
regulations,4
reinventing,4
reinvention,4
relevant,4
reporting,4
requirements,4
responsible,4
returns,4
revenue,4
roland,4
rooted,4
scale,4
sectors,4
security,4
significant,4
simon,4
solve,4
solving,4
start,4
starts,4
study,4
subsidiary,4
systems,4
taking,4
technical,4
thrive,4
times,4
total,4
transforming,4
understanding,4
vision,4
website,4
world’s,4
zurich,4
ability,3
acquisition,3
adapt,3
add,3
advance,3
agreement,3
american,3
america’s,3
analytics,3
attorney,3
australian,3
average,3
banking,3
bdo’s,3
billion,3
blueprint,3
bono,3
boosting,3
briefing,3
bringing,3
broad,3
capacity,3
capgemini,3
care,3
carve,3
centric,3
challenge,3
chemicals,3
chf,3
choice,3
committed,3
competitive,3
complete,3
conduct,3
conducted,3
constantly,3
consultancy,3
content,3
continue,3
countries,3
court,3
covering,3
credits,3
critical,3
current,3
cyber,3
decades,3
define,3
defined,3
delivery,3
dem,3
den,3
disruption,3
driving,3
due,3
ecommerce,3
ecosystem,3
edge,3
effectively,3
employment,3
empowering,3
enable,3
ensure,3
enter,3
enterprise,3
entertainment,3
equity,3
essential,3
ethically,3
events,3
explores,3
faster,3
financing,3
focused,3
foreign,3
free,3
function,3
functions,3
gas,3
gen,3
genai,3
generative,3
gt,3
highlights,3
holistic,3
im,3
inclusion,3
increasingly,3
inside,3
intelligence,3
internal,3
invest,3
investments,3
ipo,3
ki,3
lasting,3
launched,3
lawyer,3
lead,3
levels,3
licensed,3
life,3
line,3
listen,3
live,3
locations,3
luxury,3
managing,3
mar,3
matter,3
microsoft,3
mobility,3
national,3
nkf,3
nuclear,3
offices,3
organisations,3
pacific,3
partners,3
patient,3
pay,3
performance,3
performing,3
pilots,3
platform,3
podcast,3
predictions,3
process,3
professionals,3
profit,3
profitability,3
profitable,3
protect,3
proud,3
proven,3
publications,3
pwc’s,3
reality,3
record,3
redefining,3
reduction,3
refers,3
registered,3
regulated,3
represent,3
request,3
require,3
responsibility,3
retail,3
rethink,3
roadmap,3
sap,3
sb,3
science,3
search,3
seeking,3
serving,3
set,3
shifts,3
short,3
sie,3
similar,3
site,3
size,3
skills,3
smarter,3
specialist,3
specialists,3
standards,3
statement,3
stefan,3
stronger,3
structure,3
system,3
tailored,3
talent,3
targets,3
terms,3
tools,3
topics,3
transformed,3
trillion,3
true,3
trusted,3
usa,3
utilities,3
video,3
visit,3
watch,3
we’ll,3
wie,3
win,3
wird,3
you’re,3
zur,3
accelerating,2
acquisitions,2
actions,2
acts,2
advancing,2
advantages,2
advising,2
agents,2
agreements,2
aligns,2
alliance,2
als,2
alternative,2
ambitious,2
amid,2
analysis,2
announces,2
answer,2
antitrust,2
applicable,2
applications,2
applies,2
apply,2
approaches,2
array,2
arrow,2
art,2
article,2
articles,2
artificial,2
associate,2
asu,2
attractive,2
auf,2
aus,2
automotive,2
autonomous,2
bain’s,2
basis,2
beauty,2
begins,2
bei,2
benefits,2
bind,2
boost,2
borders,2
brand,2
breakthrough,2
brighter,2
browser,2
careers,2
cash,2
cdo,2
cfos,2
chains,2
chance,2
choices,2
choose,2
choosing,2
circular,2
close,2
collateral,2
colleagues,2
collective,2
combination,2
combining,2
conditions,2
connection,2
connections,2
consecutive,2
considerations,2
considered,2
construction,2
consultancies,2
contact,2
control,2
conversations,2
cpa,2
cpg,2
creative,2
cut,2
cybersecurity,2
daily,2
david,2
deeply,2
defining,2
delaware,2
delivers,2
demand,2
demands,2
demonstrate,2
detailed,2
determining,2
deutschlands,2
developed,2
difficult,2
diligence,2
discuss,2
disruptions,2
distinct,2
don’t,2
drives,2
earn,2
economics,2
einem,2
einen,2
einer,2
embed,2
embrace,2
embracing,2
empower,2
enabled,2
enhancing,2
entrepreneurs,2
environmental,2
episode,2
equation,2
ernst,2
escape,2
estimated,2
europas,2
europe’s,2
examine,2
exceptional,2
execute,2
execution,2
existing,2
expand,2
expansive,2
expected,2
experiences,2
external,2
extraordinary,2
fasb,2
features,2
findings,2
finish,2
firm’s,2
fit,2
flexible,2
flow,2
flows,2
focuses,2
footprint,2
forefront,2
form,2
formed,2
found,2
frey,2
fuelling,2
functionality,2
gain,2
gained,2
game,2
games,2
globale,2
globally,2
goal,2
graduate,2
greenhouse,2
heart,2
hedges,2
highly,2
hiring,2
hong,2
hours,2
house,2
hr,2
huron,2
hype,2
ideal,2
inclusive,2
industrials,2
initiative,2
initiatives,2
innovate,2
inquiry,2
inspiring,2
integrity,2
ireland,2
issuers,2
ist,2
joined,2
joining,2
julie,2
keys,2
kong,2
kraft,2
largest,2
latham’s,2
launching,2
learning,2
leasing,2
legislative,2
leverage,2
loan,2
local,2
logistics,2
low,2
lower,2
loyalty,2
machine,2
magic,2
mapped,2
meaningful,2
meets,2
method,2
middle,2
minded,2
mindset,2
mix,2
months,2
motion,2
moving,2
multinational,2
nested,2
neu,2
newsweek’s,2
niederer,2
notice,2
nse,2
offering,2
offerings,2
omissions,2
operate,2
optimal,2
optimize,2
orgs,2
outlook,2
outstanding,2
packaged,2
paired,2
participants,2
partnered,2
partnering,2
party,2
past,2
patent,2
path,2
paving,2
pe,2
person,2
personalized,2
pestalozzi,2
pk,2
pkw,2
planet,2
playback,2
policies,2
politik,2
portfolio,2
position,2
pragmatic,2
pragmatism,2
preeminent,2
priorities,2
prioritize,2
processes,2
professionally,2
program,2
project,2
proposal,2
provider,2
pte,2
quadrant,2
quantum,2
quickly,2
ralf,2
reach,2
readiness,2
realize,2
recent,2
recognition,2
recognizing,2
reconfiguring,2
reduce,2
reducing,2
regional,2
related,2
released,2
reliability,2
remarkable,2
representation,2
requires,2
resource,2
responding,2
retailers,2
return,2
reveals,2
rewarding,2
rising,2
role,2
rolling,2
roots,2
rules,2
ruling,2
scalable,2
scaling,2
screening,2
sec,2
section,2
secures,2
securities,2
seize,2
sells,2
senior,2
shared,2
sharpest,2
sign,2
singapore,2
slalom’s,2
sleeves,2
slow,2
snowflake,2
sole,2
solicitors,2
sophisticated,2
spacebar,2
specialized,2
spectrum,2
speed,2
stability,2
stakes,2
stand,2
starling,2
startup,2
staying,2
stehen,2
stock,2
stories,2
straightforward,2
streamlining,2
strengthening,2
successful,2
successfully,2
summary,2
summit,2
suppliers,2
supportive,2
switzerland's,2
talents,2
teamwork,2
technological,2
technologie,2
teil,2
telecommunications,2
tensions,2
that’s,2
thousands,2
tightening,2
tomorrow,2
touch,2
training,2
transaction,2
transformative,2
transportation,2
trial,2
um,2
uncertainties,2
unified,2
units,2
unternehmen,2
update,2
updated,2
valuable,2
valued,2
vast,2
vielfalt,2
view,2
viewed,2
vis,2
visibility,2
von,2
vulnerable,2
wellbeing,2
what’s,2
wide,2
wirtschaft,2
won,2
wong,2
workflows,2
workplace,2
workplaces,2
written,2
wrong,2
xr,2
you’ll,2
zum,2
über,2
ab,1
accelerated,1
accordance,1
accountability,1
achieved,1
achieving,1
acknowledgments,1
acquiring,1
acting,1
action,1
actionable,1
activities,1
adapting,1
added,1
addresses,1
addressing,1
adia,1
administration,1
administration’s,1
adopting,1
adoption,1
advanced,1
advancements,1
adversity,1
advogados,1
affect,1
affecting,1
affects,1
affiliate,1
affiliates,1
affordability,1
africa,1
ag,1
ageing,1
agency,1
agent,1
aggregate,1
ago,1
agree,1
agriculture,1
aicpa,1
aimed,1
air,1
aixdlt,1
ak,1
akteure,1
aktuellen,1
albarrán,1
alert,1
alerters,1
algal,1
alignment,1
allen,1
alpha,1
ambitions,1
america,1
amidst,1
analysen,1
analysiert,1
analyzed,1
anforderungen,1
announce,1
announced,1
announcements,1
annual,1
another’s,1
anpassungsfähigkeit,1
anticipate,1
anticipating,1
anu,1
application,1
appointed,1
appointment,1
appoints,1
approaching,1
approve,1
approved,1
approves,1
apr,1
arbeitgeber,1
arbitration,1
architects,1
archives,1
arm,1
armando,1
arts,1
asc,1
ashurst,1
assessed,1
assessment,1
assist,1
assistance,1
athletics,1
attacks,1
attest,1
auba,1
audit,1
ausblick,1
ausgaben,1
ausgerichtet,1
auskünfte,1
austin,1
auswirkungen,1
authentic,1
automating,1
automation,1
aviation,1
awarded,1
awards,1
aws,1
axis,1
axpo,1
background,1
backgrounds,1
backlogs,1
baker,1
ball,1
band,1
bar,1
barometer,1
barriers,1
basic,1
battle,1
bear,1
beazley,1
bedeutung,1
bedrock,1
befasst,1
befinden,1
behavior,1
behavioral,1
beim,1
belief,1
benchmarks,1
benefit,1
bereichen,1
berne,1
bet,1
biggest,1
binnenmarkt,1
biopharmaceutical,1
bis,1
bitte,1
bleiben,1
blogs,1
blooms,1
board,1
boards,1
bolder,1
bonds,1
book,1
bookmark,1
booming,1
booster,1
border,1
born,1
boys,1
bradford,1
branch,1
brands,1
brave,1
brazil,1
brazilian,1
breadth,1
break,1
breaks,1
bringt,1
broader,1
brought,1
browsers,1
brüssel,1
brüsseler,1
budgets,1
builds,1
bundesgerichtsurteil,1
burden,1
buyer,1
buyers,1
buying,1
cadwalader,1
calculation,1
caliber,1
california’s,1
call,1
camaraderie,1
campaign,1
canadian,1
candid,1
candidates,1
cantata,1
capability,1
capita,1
capitalization,1
captives,1
capturing,1
cartels,1
cataract,1
categories,1
causing,1
cdmo,1
cefic,1
celebrate,1
centered,1
centers,1
centralized,1
centre,1
centres,1
century,1
ceos,1
certified,1
chair,1
challenger,1
champion,1
channel,1
chapter,1
characteristics,1
characters,1
chart,1
charting,1
chase,1
chemical,1
chemistry,1
chequer,1
chief,1
children,1
chile’s,1
chrome,1
chuck,1
cie,1
cipher,1
ciso,1
cities,1
citizens,1
civile,1
clarity,1
cleary,1
clients.with,1
cliff,1
clifford,1
clinic,1
clinical,1
closely,1
closures,1
club,1
cmos,1
code,1
coherent,1
collaborate,1
collaborates,1
collection,1
collectively,1
college,1
colombia,1
columbia,1
commands,1
commentary,1
commercialize,1
commissioned,1
committees,1
commodities,1
common,1
communication,1
communications,1
companion,1
company's,1
compared,1
compensation,1
competition,1
competitors,1
completed,1
complexities,1
complicated,1
comprising,1
concerns,1
concise,1
conference,1
conferences,1
confirm,1
confirmed,1
confirms,1
conflict,1
conformity,1
confront,1
connors,1
conscious,1
consideration,1
considers,1
consistent,1
consistently,1
consortium,1
constituent,1
constitution,1
consult,1
consumers,1
containment,1
contend,1
context,1
continuing,1
continuous,1
contribute,1
contributed,1
contributes,1
conventional,1
conversationists,1
convertible,1
cooperation,1
coordinating,1
copilot,1
correcting,1
council,1
counsel,1
country,1
country's,1
county,1
covers,1
coveted,1
cra,1
craft,1
crafting,1
created,1
creativity,1
credibility,1
crime,1
crisis,1
cro,1
crossborder,1
crypto,1
cryptoasset,1
crystal,1
csrd,1
cultural,1
curiosity,1
curious,1
curve,1
cuts,1
cutting,1
cxo,1
cxos,1
cybercriminals,1
cycles,1
damit,1
darlegen,1
das,1
date,1
davis,1
de,1
deal’s,1
debt,1
decarbonization,1
deciding,1
decisive,1
decisively,1
deckt,1
decline,1
dedication,1
deemed,1
deepen,1
defence,1
defense,1
delays,1
delivering,1
demanding,1
democratize,1
demographic,1
denials,1
depend,1
depends,1
deploy,1
deploying,1
derivative,1
derive,1
describes,1
description,1
deserve,1
designations,1
desirable,1
dessen,1
detail,1
detection,1
determination,1
determine,1
deutsche,1
device,1
devote,1
diagnoses,1
dich,1
dies,1
differences,1
differentiation,1
different engagements because,1
digitale,1
digitalen,1
digitalisierung,1
digitalize,1
dillmann,1
dinner,1
diplomats,1
directly,1
director,1
directors,1
disappearing,1
disciplinary,1
disclosure,1
disclosures,1
discovery,1
diskussionsteilnehmer,1
diskutieren,1
disposal,1
disputes,1
disrupt,1
distinctive,1
distinguished,1
distribution,1
divestiture,1
domestic,1
doubling,1
download,1
dozens,1
dr,1
dramatic,1
drawing,1
driver,1
du,1
dual,1
dublin,1
duty,1
dynamic.that,1
earned,1
earner,1
earnout,1
earns,1
east,1
economically,1
economy's,1
effects,1
efficiencies,1
efficiently,1
efforts,1
ein,1
einblicken,1
einbringen,1
einzige,1
elderly,1
electronic,1
elevated,1
elevating,1
elite,1
elusive.when,1
email,1
emea,1
emission,1
emissions,1
employers,1
enablers,1
enables,1
enabling,1
enactment,1
enforcement,1
enforces,1
engage,1
engaged,1
engaging,1
engineered,1
english,1
enhances,1
enjoy,1
enjoyed,1
enormous,1
enriches,1
ensuring,1
entdecken,1
entry,1
entscheidest,1
entwickeln,1
entwicklung,1
entwicklungen,1
eqt,1
equal,1
equitable,1
era,1
erfolgreichen,1
erholung,1
errors,1
essentials,1
establish,1
established,1
europa,1
europäischen,1
eu’s,1
evaluate,1
evaluating,1
evidence,1
evolves,1
examination,1
exclusively,1
executed,1
exemption,1
exklusives,1
expanded,1
expands,1
expansion,1
expect,1
explicit,1
exploration,1
export,1
extended,1
extends,1
extensively,1
eyes,1
ey’s,1
fabian,1
facetten,1
fachmesse,1
fachwissen,1
factors,1
fail,1
failure,1
falcões,1
family,1
fdi,1
february,1
feedback,1
feel,1
fewer,1
fiberdays,1
field,1
fight,1
fighting,1
figures,1
fills,1
finanzwesen,1
finding,1
finest,1
finma,1
firefox,1
fits,1
fixes,1
flexibility,1
fluidstack,1
folgenden,1
footprints,1
forbes,1
forces,1
forcing,1
forged,1
formierenden,1
fortune’s,1
foster,1
fostered,1
foundation,1
founded,1
founding,1
fourth,1
fragmented,1
framework,1
frameworks,1
freeing,1
fresh,1
fuels,1
fulfill,1
fund,1
future.when,1
futures,1
führende,1
führung,1
führungskräfte,1
galderma’s,1
ganzheitlicher,1
garfield,1
gartner,1
gates,1
gbs,1
gcr,1
gdp,1
ge,1
gemeinsam,1
generating,1
generation,1
generieren,1
genetic,1
geneva,1
geographies.discover,1
geopolitically,1
geopolitics,1
geopolitischen,1
georgeson,1
geostrategic,1
gerando,1
germany,1
gesamte,1
gesamterfolg,1
geschäftsstrategien,1
gesetzlichen,1
ge’s,1
giant,1
gipfel,1
girls,1
giving,1
glasfaserausbau,1
glimpse,1
golden,1
google,1
gottlieb,1
governments,1
governs,1
green,1
greener,1
grid,1
growth.we,1
guided,1
guidelines,1
haben,1
hamilton,1
hand,1
handle,1
happen,1
happy,1
harder,1
harmful,1
harmonized,1
harnessing,1
hat,1
head,1
heads,1
hearts,1
heavily,1
hedge,1
heights,1
herausforderungen,1
hiding,1
hier,1
highlighting,1
hinterfragt,1
hinweis,1
hogan,1
hohe,1
hohen,1
holds,1
homburger.chnewsletterlinkedin,1
home,1
homelessness,1
hope,1
hornby,1
hosted,1
hosting,1
hot,1
https,1
huge,1
huhle,1
humorous,1
huron's,1
hygiene,1
identified,1
identity,1
identität,1
ieepa,1
ihr,1
illinois,1
illuminate,1
illustrate,1
immediately,1
impactful,1
impacts,1
implementations,1
implementing,1
implications,1
importance,1
importers,1
improvement,1
improvements,1
incidents,1
includes,1
inclusiveness,1
incorporated,1
incorporating,1
incredible,1
index,1
india,1
indicators,1
individuals,1
industrie,1
industrielle,1
infinite,1
inflation,1
influential,1
informationen,1
informiert,1
infrastructure,1
infrastruktur,1
ing,1
ingenuity,1
initially,1
innovation.our,1
innovations,1
innovator,1
innovators,1
insider’s,1
insight,1
insolvenzen,1
inspire,1
institutional,1
institutions,1
insurers,1
integral,1
integrating,1
intelligently,1
intended,1
intern,1
internationale,1
internationally,1
interpretive,1
intersect,1
interview,1
intimate,1
introducing,1
investitionen,1
invision,1
ip,1
ipps,1
ira,1
irish,1
issue,1
issued,1
italy's,1
items,1
jahren,1
james,1
javascript,1
jiang,1
job,1
jobs,1
johannesburg,1
john,1
joint,1
journeys,1
judgement,1
judgements,1
june,1
jurisdictions,1
justice,1
kahl,1
kast,1
keen,1
keyboard,1
kinds,1
kingdom,1
kirstie,1
klarheit,1
kollegialität,1
koller,1
komplexen,1
kontakt,1
kpis,1
kpmg.com,1
krankenkassen,1
kritisch,1
l.e.k,1
la,1
lab,1
lack,1
landing,1
latam,1
latitude,1
law.com,1
lawyer's,1
le,1
leads,1
lean,1
leave,1
leaving,1
lebt,1
lee,1
lee’s,1
legacy,1
legally,1
leistungswille,1
lens,1
letter,1
let’s,1
leveraging,1
lex,1
liable,1
libor,1
license,1
licensing,1
lifecycle,1
limitations,1
limiting,1
linger,1
listed,1
lithium,1
lives,1
living,1
located,1
location,1
logo,1
london,1
lovells,1
lowering,1
magazine,1
mail,1
maintained,1
makes,1
managed,1
managers,1
manufacturer,1
manufacturers,1
map,1
marked,1
marketplace,1
marketplaces,1
mart,1
master,1
material,1
materiality,1
maturity,1
maximise,1
maximising,1
maßnahmen,1
mckenzie,1
measures,1
medien,1
medienbranche,1
meeting,1
mega,1
megatrends,1
mena,1
mere,1
merger,1
mergers,1
meticulously,1
metrics,1
mexican,1
mexico,1
mid,1
midstream,1
migrated,1
migration,1
million,1
mima,1
mind,1
minimis,1
mining,1
minkoff,1
minute,1
miss,1
mobilezone,1
mobius,1
mock,1
model,1
modernization,1
modernizing,1
modular,1
momentum,1
monetization,1
monitor,1
moser,1
movement,1
moves,1
multi,1
multimedia,1
multinationals,1
multiple,1
multnomah,1
music,1
mw,1
märz,1
müssen,1
nachhaltigkeit,1
narrow,1
nations,1
natural,1
navigated,1
navigation,1
navigator,1
ncaa,1
nearshore,1
nemo,1
net,1
networks,1
neue,1
nicht,1
nil,1
nimmt,1
nonlinear,1
nonprofit,1
notices,1
notwendigen,1
nurture,1
nutzen,1
obbba,1
objectives,1
obligation,1
observed,1
obwohl,1
offers.with,1
officers,1
officials,1
oft,1
ohne,1
oil,1
on.and,1
ongoing,1
openai,1
operative,1
opt,1
optimising,1
optimism,1
option.we,1
optional,1
options,1
orbit,1
orchestrate,1
organization’s,1
organized,1
outdated,1
outlines,1
outpace,1
outs,1
outsourcing,1
overturns,1
ownership,1
o’donnell,1
page,1
painful,1
paper,1
papers,1
parliament,1
participates,1
parties,1
partly,1
partnerships,1
passions,1
patients,1
paulina,1
payoff,1
pcits,1
peers,1
penetration,1
perfect,1
performers,1
persistent,1
personalised,1
personalization,1
personally,1
pharma,1
phase,1
picture,1
pieces,1
pillar,1
pioneering,1
pivotal,1
placing,1
planning,1
plant,1
platforms,1
play,1
playbook,1
player,1
plc,1
pleased,1
podiumsdiskussion,1
polar,1
policy,1
political,1
politico,1
polk,1
popular,1
populations,1
positioned,1
positioning,1
positive,1
possibilities,1
postal,1
posting,1
posts,1
posture,1
potenzial,1
powers,1
practicing,1
predictability,1
prefer,1
premium,1
preparing,1
president,1
pressing,1
prestigious,1
previous,1
previously,1
pride,1
primary,1
prime,1
principals,1
prioritäten,1
privacy,1
processing,1
procurement,1
procédure,1
productivity,1
profit.we,1
profound,1
progress,1
projekte,1
promoting,1
prompting,1
promptly,1
propel,1
propensity,1
property,1
proposals,1
proposed,1
proposition,1
protas,1
protection,1
proudly,1
proves,1
provided,1
provoking,1
proxy,1
prägen,1
pty,1
publisher,1
pulling,1
purchase,1
purchases,1
pursue,1
putting,1
qualifikationen,1
questio,1
quick,1
raises,1
rampenlicht,1
ranked,1
ranking,1
ranks,1
rate,1
reached,1
reaching,1
readable,1
rebalancing,1
rebounding,1
rebuild,1
recasting,1
recognize,1
recognizes,1
recommendations,1
recommended,1
recovery,1
redefine,1
redesign,1
redress,1
refer,1
reform,1
reframe,1
refunds,1
regain,1
regard,1
regarded,1
regime,1
region,1
regions,1
register,1
regulate,1
reimagined,1
reinvents,1
rekord,1
relates,1
relationship,1
relentless,1
relisting,1
remove,1
renovus,1
renown,1
renowned,1
reposition,1
reshape,1
reshaping,1
residual,1
resonance,1
respected,1
respectful,1
respective,1
responses,1
responsive,1
restructure,1
restrukturierung,1
restrukturierungskonzepte,1
result,1
results.alongside,1
results.together,1
resurgence,1
retention,1
review’s,1
reviving,1
revolutionised,1
revolutionising,1
reward,1
rfp,1
rich,1
rise,1
rises,1
road,1
rob,1
robust,1
roi,1
roles,1
rossi,1
routes,1
rsmus.com,1
rule,1
running,1
runs,1
sachkundigen,1
safari,1
safer,1
safety,1
sale,1
sales.enabled,1
salesforce,1
salt,1
satisfy,1
saved,1
savings,1
scalability,1
schaible,1
schmitz,1
schools,1
schwache,1
sciences,1
seamless,1
seamlessly,1
season,1
seats,1
secure,1
securing,1
seek,1
sein,1
seine,1
seit,1
seizing,1
selected,1
selection,1
sell,1
selling,1
seminars,1
send,1
sensitive,1
sentiment,1
series,1
sets,1
setting,1
seventh,1
shapes,1
shareholder,1
shares,1
sharing,1
sharp,1
shift,1
shop,1
shopping,1
showcase,1
sicht,1
significantly,1
signing,1
simple,1
simpler,1
simplifications,1
simply,1
sind,1
single,1
sinnhaftigkeit,1
situation,1
sitzung,1
sixfold,1
sizing,1
skies,1
skill,1
slalom for multiple,1
slice,1
smart,1
smartphone,1
smes,1
solid,1
solution,1
solved,1
sound,1
sources,1
spans,1
spark,1
sparneigung,1
speakers,1
speaks,1
specialised,1
specialty,1
species,1
specific,1
spending,1
spin,1
spirit,1
sponsor,1
spot,1
spring,1
square,1
stakeholder,1
stakeholders,1
starling’s,1
starting,1
statements,1
statistics,1
steady,1
steen,1
steigen,1
steigerung,1
stellenwert,1
step,1
stetig,1
stimulating,1
stimulus,1
stop,1
storage,1
store,1
storm,1
story,1
strafrechtlich,1
strained,1
strategics,1
strategieberatung,1
strategies.all,1
strategische,1
strategists,1
streamline,1
street,1
strengthens,1
strive,1
strong,1
strongly,1
struggle,1
student,1
studies,1
subject,1
submit,1
subsequent,1
subsidiaries,1
suit,1
suite,1
suits,1
summaries,1
summed,1
summer,1
sunrise,1
supreme,1
sur,1
surging,1
surpassed,1
surpassing,1
surveyed,1
sustainably,1
sustained,1
sustaining,1
sweet,1
switzerland’s,1
symbol,1
table,1
tackle,1
tag,1
tailor,1
takeaways,1
takes,1
talented,1
talk,1
target,1
targeted,1
tauil,1
taxation,1
taxes,1
teamed,1
tech.deep,1
techniques,1
technologically,1
technologien,1
techtonic,1
tech’s,1
teilnehmen,1
telekommunikation,1
tempered,1
tenancy,1
tenetur,1
tenfold,1
tennis,1
tens,1
territories,1
terrorist,1
testing,1
texas,1
therapies,1
they’ve,1
think:act,1
thinkers,1
thoughtful,1
thoughtfully,1
threatened,1
threats,1
thriving,1
tier,1
tiernan,1
titans,1
titel,1
tmt,1
today's,1
togehter,1
tohmatsu,1
tomorrow’s,1
tone,1
toolkits,1
touche,1
touches,1
toughest,1
tournament,1
towers,1
track,1
trackers,1
trademark,1
trademarks,1
traditional,1
traditions,1
traffic,1
trailblazers,1
transacting,1
transactions,1
transfer,1
transformation.when,1
transforms,1
transmit,1
transport,1
transposed,1
travel,1
treat,1
treatment,1
tremendous,1
trench,1
trend,1
trials,1
trump,1
twin,1
uhr,1
umsetzung,1
uncertain,1
uncomfortable,1
uncover,1
understandable,1
understands,1
understood,1
uneven,1
university’s,1
unknown,1
unleash,1
unlisted,1
unpredictable,1
uns,1
unser,1
unserem,1
unserer,1
unstinting,1
untapped,1
unwavering,1
unwelcome,1
upcoming,1
upheld,1
urgent,1
urging,1
usd,1
utilizes,1
validation,1
varied,1
venture,1
veranstalten,1
verify,1
versicherungen,1
versions,1
versus,1
vertical,1
verwendbar,1
verändert,1
vibrant,1
victory,1
videos,1
viewpoints,1
vodafone,1
volatility,1
volume,1
volunteering,1
voters,1
wandel,1
watanabe,1
watkins,1
wave,1
wealth,1
web,1
webcasts,1
webinars,1
weighing,1
weitere,1
welche,1
welcomes,1
welt,1
wenden,1
wendepunkt,1
wenig,1
werden,1
wertbeitrag,1
wertschätzt,1
wertschöpfungskette,1
wettbewerbsfähigkeit,1
whitten,1
wichtige,1
wider,1
winners,1
winning,1
wins,1
wirtschaftlichen,1
wolfgram,1
wurzeln,1
yajing,1
you.so,1
youth,1
zivilprozessrecht,1
zu,1
zukunftsfähigkeit,1
zusammen,1
zusammenkommen,1
à,1
ära,1
