company,url,paragraph
Bain & Company,https://www.bain.com/about/what-we-believe/,Bookmark content that interests you and it will be saved here for you to read or share later.
Bain & Company,https://www.bain.com/about/what-we-believe/,Bookmark content that interests you and it will be saved here for you to read or share later.
Bain & Company,https://www.bain.com/about/what-we-believe/,Content added to saved items
Bain & Company,https://www.bain.com/about/what-we-believe/,Removed from saved items
Bain & Company,https://www.bain.com/about/what-we-believe/,About Bain
Bain & Company,https://www.bain.com/about/what-we-believe/,"We believe that bold steps define the future. That the ambition to lead requires the courage to adapt. And that doing the right thing is rarely easy, but always worth it."
Bain & Company,https://www.bain.com/about/what-we-believe/,"We seek out people and clients who challenge themselves to be exceptional—and champion that spirit in others. We’re guided by True North, our unwavering commitment to always do the right thing by our clients, people and communities."
Bain & Company,https://www.bain.com/about/what-we-believe/,Our mission is to help our clients create such high levels of value that together we set new standards of excellence in our respective industries.
Bain & Company,https://www.bain.com/about/what-we-believe/,"We opened our doors on the principle that clients should get results—not just reports—from their consultants. We broke the rules by developing customized strategies that helped clients beat their competition. We continue to work with ambitious clients who want to define the future, not hide from it."
Bain & Company,https://www.bain.com/about/what-we-believe/,"We have various ""tied economics"" arrangements with our clients, allowing us to better align our financial incentives with client outcomes. Our people are passionate about delivering tangible results for clients, and these arrangements make our commitments more than a promise. We succeed only when our clients do."
Bain & Company,https://www.bain.com/about/what-we-believe/,"More than 80% of major change efforts fall short of their goals. Our approach helps clients overcome the odds by predicting, measuring and managing the risk associated with change from day one. The results: a proven method to structure, orchestrate and enable the changes necessary to achieve a competitive advantage."
Bain & Company,https://www.bain.com/about/what-we-believe/,"We work with ambitious leaders who want to define the future, not hide from it. Together, we achieve extraordinary outcomes."
Bain & Company,https://www.bain.com/about/what-we-believe/,"Stay ahead in a rapidly changing world. Subscribe to Bain Insights, our monthly look at the critical issues facing global businesses."
Bain & Company,https://www.bain.com/about/what-we-believe/,*I have read and understand Bain’s Privacy Notice.
Bain & Company,https://www.bain.com/about/what-we-believe/,"© 1996-2026 Bain & Company, Inc."
Bain & Company,https://www.bain.com/about/what-we-believe/,Contact Bain
